﻿{"cameraMode":{"drawMode":0,"name":"Shaded","section":"Shading Mode"},"sceneLighting":true,"audioPlay":false,"sceneViewState":{"showFog":true,"showMaterialUpdate":false,"showSkybox":true,"showFlares":true,"showImageEffects":true,"showParticleSystems":true},"in2DMode":false,"pivot":{"x":-6.747249603271484,"y":-12.532829284667969,"z":32.874488830566409},"rotation":{"x":0.21414905786514283,"y":-0.09652192890644074,"z":0.021270444616675378,"w":0.971787691116333},"size":132.48008728027345,"orthographic":false}