﻿{"cameraMode":{"drawMode":0,"name":"Shaded","section":"Shading Mode"},"sceneLighting":false,"audioPlay":false,"sceneViewState":{"showFog":true,"showMaterialUpdate":false,"showSkybox":true,"showFlares":true,"showImageEffects":true,"showParticleSystems":true},"in2DMode":false,"pivot":{"x":-2.805687189102173,"y":0.754654586315155,"z":0.032064035534858707},"rotation":{"x":-0.06597041338682175,"y":0.917442798614502,"z":-0.17151005566120149,"w":-0.35288941860198977},"size":22.0,"orthographic":false}