﻿{"cameraMode":{"drawMode":0,"name":"Shaded","section":"Shading Mode"},"sceneLighting":false,"audioPlay":false,"sceneViewState":{"showFog":true,"showMaterialUpdate":false,"showSkybox":true,"showFlares":true,"showImageEffects":true,"showParticleSystems":true},"in2DMode":false,"pivot":{"x":-1.5958898067474366,"y":-0.6214652061462402,"z":-1.2335205078125},"rotation":{"x":-0.029896197840571405,"y":0.9689223766326904,"z":-0.1962190568447113,"w":-0.14762726426124574},"size":16.124162673950197,"orthographic":false}