﻿{"cameraMode":{"drawMode":0,"name":"Shaded","section":"Shading Mode"},"sceneLighting":false,"audioPlay":false,"sceneViewState":{"showFog":true,"showMaterialUpdate":false,"showSkybox":true,"showFlares":true,"showImageEffects":true,"showParticleSystems":true},"in2DMode":false,"pivot":{"x":-4.5329461097717289,"y":-2.032789945602417,"z":-4.176399230957031},"rotation":{"x":-0.11684893071651459,"y":0.860681414604187,"z":-0.22878552973270417,"w":-0.4395805895328522},"size":8.001776695251465,"orthographic":false}